,Subreddit,Subscribers
0,pakistan,295034
1,islamabad,103861
2,lahore,99509
3,karachi,63748
4,technology,17200548
5,tech,651583
6,technews,886447
7,news,28691376
8,worldnews,40918537
9,sports,21291060
10,youtube,2369521
11,television,17311024
12,relationship_advice,13966948
13,relationships,3530522
14,AskReddit,48517348
15,ask,1033167
16,Discussion,26754
17,Filmmakers,2830035
18,filmmaking,22419
19,Movies,33683919
20,MovieSuggestions,1556403
21,FASTNU,4961
22,NUST,15659
23,LinusTechTips,401346
24,religion,110656
25,Catholicism,227581
26,islam,315929
27,progressive_islam,38056
28,Judaism,110063
29,Buddhism,695564
30,hinduism,166027
31,Freethought,51123
32,exmuslim,179134
33,exmormon,311115
34,skeptic,206110
35,Music,34847662
36,todayilearned,37947915
37,science,32837958
38,showerthoughts,32667443
39,space,26595500
40,askscience,25622108
41,mildlyinteresting,23963960
42,explainlikeimfive,22935518
43,LifeProTips,22700236
44,GetMotivated,23010586
45,Gadgets,22603416
46,dataisbeautiful,21189187
47,futurology,20795403
48,Documentaries,20378348
49,UpliftingNews,20011168
50,personalfinance,19808565
51,tifu,18611177
52,philosophy,18039785
53,history,18205738
54,Damnthatsinteresting,17412300
55,wallstreetbets,16731268
56,NatureIsFuckingLit,14450663
57,creepy,14864943
58,InternetIsBeautiful,16631412
59,lifehacks,13668266
60,nba,13095184
61,Fitness,11964929
62,interestingasfuck,12707618
63,travel,11815016
64,nfl,10410729
65,AdviceAnimals,9951617
66,CryptoCurrency,8692918
67,politics,8655106
68,NetflixBestOf,9985813
69,mildlyinfuriating,8355915
70,soccer,7546249
71,Parenting,7511078
72,europe,7473745
73,buildapc,7326279
74,gardening,7198734
75,Bitcoin,7081299
76,cars,6755960
77,programming,6479316
78,apple,5644281
79,YouShouldKnow,5408555
80,nevertellmetheodds,5578424
81,frugal,5568472
82,coolguides,5444395
83,socialskills,5483074
84,foodhacks,5343566
85,nasa,5205436
86,nutrition,5212861
87,NoStupidQuestions,4987510
88,Economics,4667658
89,TravelHacks,4711036
90,biology,4638667
91,dating_advice,4576833
92,Survival,4615292
93,unpopularopinion,4366130
94,formula1,4345353
95,PremierLeague,4331040
96,bodyweightfitness,4164249
97,MovieDetails,4143468
98,learnprogramming,4132290
99,Cooking,4081865
100,iphone,4034333
101,hardware,4039804
102,Entrepreneur,4054730
103,unitedkingdom,3956897
104,careerguidance,3951960
105,homeautomation,3945962
106,changemyview,3722237
107,psychology,3763112
108,running,3563388
109,compsci,3543530
110,motorcycles,3459202
111,math,3311797
112,HealthyFood,3181373
113,chemistry,3175750
114,Baking,3136607
115,StockMarket,3063722
116,oddlyspecific,3082179
117,JapanTravel,3037852
118,bodybuilding,2941805
119,Astronomy,2944131
120,writing,2942340
121,Health,3041958
122,Atheism,2908535
123,travelpartners,117036
