subreddit,topics
Advice,"feel, friend, help, life, need, one, people, really, said, school, time, told, year"
AmItheAsshole,"back, dog, friend, mom, one, said, sister, time, told, year"
AskReddit,"actually, best, country, ever, favorite, good, job, life, live, movie, one, people, person, reddit, someone, something, song, time"
Damnthatsinteresting,"eye, first, food, gold, guitar, lake, man, medal, old, olympic, olympics, pack, russian, time, tree, uncle, water, woman, work, world, year"
Filmmakers,"camera, film, light, looking, need, one, production, project, question, scene, short, shot, sound, story, time, video"
Jokes,"back, barber, boy, depressed, edit, got, hat, kid, man, officer, paper, people, played, post, priest, quarter, recruit, seeing, store, surprised, towel, two, uninstalled, walk, went"
Music,"abortion, album, anschutz, best, flight, music, playlist, raga, song, spotify, swift, taylor, ticket, time, watch, year, youtube"
NoStupidQuestions,"even, feel, friend, good, guy, job, month, one, people, really, something, think, time, work, year"
Showerthoughts,"able, actually, ad, affection, balance, brought, dog, dress, far, floor, force, freedom, guy, life, month, non, planet, platonically, probably, since, still, take, targeted, way"
Unknown_SubReddit,"commented, donating, first, good, idea, million, person, post, reddit, video, youtube"
askscience,"actually, body, cancer, covid, data, earth, edit, human, one, people, question, reddit, star, time, vaccine, virus, wave, year"
aww,"aww, cat, content, favorite, found, guy, invited, kitty, life, little, man, new, old, one, picture, post, puppy, see, spot, took, toy, two, work, year"
books,"2024, august, book, brooke, character, goodreads, mother, one, query, read, reading, search, shane, story, thread, woman"
funny,"2023, action, avoid, blowing, conversation, customer, doll, driver, help, internet, measure, moderator, one, platform, reconecting, reddit, share, short, slomo, take, today, tonight, value, way, worker"
gadgets,"app, apple, camera, device, drone, first, game, new, nintendo, phone, pro, robot, samsung, still, user, watch"
gaming,"batman, edit, game, getting, hour, issue, mine, motorcycle, one, play, post, racing, rash, road, screen, sense, share, spiritual, star, time, video, wanted, war"
help,"account, android, app, chat, comment, desktop, email, help, message, new, notification, password, post, reddit, tried"
islamabad,"anyone, bahria, city, good, isb, islamabad, looking, need, one, place, time, twin, university"
memes,"avg, big, brain, dog, dogtrovert, enough, f2p, game, gta, house, life, meme, national, news, pain, person, prefers, reminder, rule, six, spread, story, tab, time, topic"
mildlyinteresting,"bathroom, bottle, car, cat, door, found, light, local, look, old, perfect, picture, way, window, work, year"
movies,"1f7yj9r, 2007, alien, comment, feel, film, first, movie, old, one, prison, prometheus, recently, reddit, transformer, year"
news,"arrested, attack, boy, case, child, dy, fall, first, guilty, illegal, iran, judge, killed, man, month, old, order, police, post, raid, river, state, trump, year"
olympics,"athlete, aug, event, game, gold, medal, men, nbsp, olympic, olympics, sport, win, woman, world"
pakistan,"anyone, car, even, good, medium, money, need, one, pakistan, pakistani, people, please, social, time, year"
pics,"100, 2024, biggest, earl, first, found, funny, hour, james, jones, lockdown, look, morning, president, reflects, son, stray, time, track, wife, world, year"
politics,"2024, court, election, harris, kamala, missouri, pick, primary, republican, state, tim, trump, voter, walz"
programming,"basic, career, change, code, coding, content, data, file, game, java, language, model, open, post, programming, python, quality, rust, security, source, system, web"
science,"brain, disease, find, found, le, may, new, people, research, scientist, show, study, year"
showerthoughts,"adult, edit, guy, life, movie, never, one, people, person, probably, really, see, someone, year"
socialmedia,"account, content, follower, instagram, medium, meta, one, page, platform, post, problem, social, use, video"
sports,"2024, copa, cup, final, first, football, game, gold, olympic, olympics, paris, sport, team, win, world, year"
technology,"billion, company, crowdstrike, cut, google, intel, intelligence, medium, microsoft, new, nvidia, reddit, search, social, software, tech, user, video, worker"
todayilearned,"film, first, game, man, million, old, one, people, show, song, til, time, used, woman, year"
videos,"1600th, 1913, alex, cancer, child, created, deal, earl, edict, happens, internet, james, jones, net, neutrality, one, owns, raise, rip, society, station, teacher, video, work"
wallstreetbets,"billion, buy, earnings, intel, loan, market, million, png, position, price, put, rate, stock, time, year, yen"
worldnews,"amid, attack, bangladesh, defense, drone, election, hamas, iran, israel, maduro, official, opposition, russia, russian, thread, ukraine, venezuela"
